Autor,Titulo,PreciO
Visit Amazon's John Ruskin Page,"The Stones of Venice, Volume I (of 3) (TREDITION CLASSICS)",34.99
John Ruskin,"Modern Painters: Volume 1. Of General Principles, and of Truth",29.99
Visit Amazon's John Ruskin Page,On Art and Life (Penguin Great Ideas),29.9
John Ruskin,The Stones of Venice: Volume 2,26.99
John Ruskin,"The Stones of Venice, Volume II - The Sea Stories",25.99
Visit Amazon's John Ruskin Page,Brantwood Diary: With Selected Related Letters and Sketches of Persons Mentioned,25.09
John Ruskin,The King of the Golden River,21.62
Visit Amazon's John Ruskin Page,"The storm cloud of the nineteenth century: two lectures delivered at the London institution, February 4th and 11th, 1884",19.75
John Ruskin,The King of the Golden River - Illustrated by Arthur Rackham,14.99
Visit Amazon's John Ruskin Page,Selected Writings (Oxford World's Classics),14.95
Visit Amazon's John Ruskin Page,Unto This Last and Other Writings (Penguin Classics),14.83
Visit Amazon's John Ruskin Page,"The Stones of Venice, Volume I (of 3)",12.99
Visit Amazon's John Ruskin Page,The Elements of Drawing (Dover Art Instruction),12.95
Visit Amazon's John Ruskin Page,The Lamp of Beauty (Arts &amp; Letters),11.95
Visit Amazon's John Ruskin Page,The Two Boyhoods: The Slave Ship; The Mountain Gloom; The Mountain Glory (Classic Reprint),11.93
